"id_registro","nombre_completo","email","area","curso_interes","modalidad","disponibilidad","observaciones","posible_duplicado","motivo_revision"
"P-001","Ana Silva","ana.silva@example.org","REVISAR","Redacción Administrativa","Presencial","lunes o miércoles por la mañana","NO INFORMADO","NO","Área no estándar (Atención al Público)"
"P-002","Bruno Costa","bruno.costa@example.org","Recursos Humanos","entrevistas laborales","Virtual","martes después de las 13","NO INFORMADO","NO","OK"
"P-003","Carla Méndez","carla.mendez@example.org","Administración","Compras y contrataciones","No informada","Viernes de 9 a 14","NO INFORMADO","NO","OK"
"P-004","Diego Torres","diego.torres@example.org","Gestión","Tableros de Gestión","Virtual","jueves 14:00 a 18:00","ya maneja planillas básicas","SI","ID y correo duplicado"
"P-005","Elena Ruiz","elena.ruiz@example.org","Atención ciudadana","Atención Ciudadana","Presencial","jueves por la mañana","NO INFORMADO","NO","OK"
"P-006","Fabián Luna","NO INFORMADO","Todo el personal","Protección de datos","Indistinta","puede miércoles desde las 14","NO INFORMADO","NO","Falta correo"
"P-004","Diego Tórres","diego.torres@example.org","Gestión","indicadores de capacitación","Virtual","lunes de 15 a 18","Posiblemente sea una segunda solicitud de la misma persona","SI","ID y correo duplicado"
"SIN-ID","Gabriela Paz","gabriela.paz@example.org","Recursos Humanos","selección sin sesgos","No informada","viernes por la mañana","NO INFORMADO","NO","Falta ID"
"P-008","Hugo Rey","hugo.rey@example.org","Administración","Introducción a expedientes","Presencial","lunes 8 a 12","Agregó en otro mensaje que también puede los miércoles de 9 a 12","NO","OK"
